{
  "name": "Heavy Bomb",
  "icon": "crusty_chunks:ordinance_heavy_warhead",
  "category": "warium_integrations:ordnance",
  "sortnum": 2,
  "pages": [
    {
      "type": "patchouli:spotlight",
      "item": "crusty_chunks:ordinance_heavy_warhead",
      "title": "Heavy Bomb",
      "text": "$(bold)When the little ones just aren't enough...$() Stack nose->tail: ordinance_heavy_warhead, ordinance_core, and either ordinance_fins or ordinance_thruster. Place horizontally with the warhead toward your target."
    },
    {
      "type": "patchouli:multiblock",
      "name": "Layout",
      "multiblock": {
        "pattern": [
          [ "T", "0", "H" ]
        ],
        "mapping": {
          "H": "crusty_chunks:ordinance_heavy_warhead",
          "0": "crusty_chunks:ordinance_core",
          "T": "crusty_chunks:ordinance_fins"
        },
        "symmetrical": true
      },
      "text": "Left to right = tail to nose. T is fins or thruster at the rear; H points toward the target."
    }
  ]
}
