{
  "name": "Breeder Reactor",
  "icon": "crusty_chunks:breeder_reactor_interface",
  "category": "warium_integrations:nuclear",
  "sortnum": 4,
  "pages": [
    {
      "type": "patchouli:text",
      "title": "Purpose",
      "text": "The breeder reactor converts enriched uranium dust into plutonium nuggets\u2014the ultimate fuel source. Feed crusty_chunks:uranium_enriched_dust in the top and collect crusty_chunks:plutonium_nugget below. Requires significant power investment."
    },
    {
      "type": "patchouli:text",
      "title": "Multiblock Structure",
      "text": "Structure mirrors the power reactor. $(bold)Key layers:$()$(li)Layer 1: breeder_reactor_port (W) at center for coolant/power.$(li)Layer 2-3: Reaction chambers (H), control rods (R), reactor casing (C), and breeder_reactor_core (J).$(li)Layer 4: Four empty_fuel_rod blocks (E) for output collection."
    },
    {
      "type": "patchouli:text",
      "title": "The Critical Difference",
      "text": "Compared to the power reactor, Layer 3 has $(bold)breeder_reactor_interface (B)$() instead of the power interface. This interface controls the uranium\u2192plutonium transmutation reaction."
    },
    {
      "type": "patchouli:text",
      "title": "Operation",
      "text": "$(bold)Setup:$() Attach RF power to the breeder_reactor_port (W).$(br)$(bold)Input:$() Feed crusty_chunks:uranium_enriched_dust via hopper on top.$(br)$(bold)Output:$() Collect crusty_chunks:plutonium_nugget from the four E blocks below."
    },
    {
      "type": "patchouli:text",
      "title": "Power Consumption",
      "text": "The breeder consumes $(bold)substantial RF$() to transmute uranium. Plan your power infrastructure accordingly\u2014a dedicated reactor often powers the breeder. The plutonium output justifies the energy cost."
    },
    {
      "type": "patchouli:text",
      "title": "Fuel Crafting",
      "text": "Once you have plutonium_nuggets, combine them with reactor_casing to craft ultra-high-density fuel rods. These produce $(bold)even more RF$() per burn cycle and last much longer than standard fuel."
    },
    {
      "type": "patchouli:multiblock",
      "name": "Layer 4 (Top - Fuel Ports)",
      "multiblock": {
        "pattern": [
          [
            "xxxxxxx",
            "xxxExxx",
            "xxxxxxx",
            "xExxxEx",
            "xxxxxxx",
            "xxxExxx",
            "xxxxxxx"
          ]
        ],
          "mapping": {
            "E": {
              "block": "crusty_chunks:empty_fuel_rods"
            },
            "x": {
              "block": "minecraft:air"
            }
          },
        "symmetrical": false
      },
      "text": "Layer 4 (top): Four empty_fuel_rod blocks (E) at cardinal positions. Right-click with fuel_rod to load fuel (4-5 rods per slot)."
    },
    {
      "type": "patchouli:multiblock",
      "name": "Layer 3 (Transmutation Interface)",
      "multiblock": {
        "pattern": [
          [
            "xxCRCxx",
            "xxRHRxx",
            "CRCRCRC",
            "RHRBRHR",
            "CRCRCRC",
            "xxRHRxx",
            "xxCRCxx"
          ]
        ],
          "mapping": {
            "H": {
              "block": "crusty_chunks:reaction_chamber"
            },
            "R": {
              "block": "crusty_chunks:control_rod"
            },
            "C": {
              "block": "crusty_chunks:reactor_casing"
            },
            "x": {
              "block": "minecraft:air"
            },
            "B": {
              "block": "crusty_chunks:breeder_reactor_interface"
            }
          },
        "symmetrical": false
      },
      "text": "Layer 3: Transmutation interface (B) at center. Surrounded by reaction chambers (H), control rods (R), and casing (C). Converts uranium into plutonium."
    },
    {
      "type": "patchouli:multiblock",
      "name": "Layer 2 (Reaction Core)",
      "multiblock": {
        "pattern": [
          [
            "xxCRCxx",
            "xxRHRxx",
            "CRCRCRC",
            "RHRJRHR",
            "CRCRCRC",
            "xxRHRxx",
            "xxCRCxx"
          ]
        ],
          "mapping": {
            "H": {
              "block": "crusty_chunks:reaction_chamber"
            },
            "R": {
              "block": "crusty_chunks:control_rod"
            },
            "C": {
              "block": "crusty_chunks:reactor_casing"
            },
            "x": {
              "block": "minecraft:air"
            },
            "J": {
              "block": "crusty_chunks:breeder_reactor_core"
            }
          },
        "symmetrical": false
      },
      "text": "Layer 2: Breeder_reactor_core (J) at center surrounded by reaction chambers (H), control rods (R), and casing (C). Core of the reaction."
    },
    {
      "type": "patchouli:multiblock",
      "name": "Layer 1 (Bottom - Plutonium Output)",
      "multiblock": {
        "pattern": [
          [
            "xxxxxxx",
            "xxxxxxx",
            "xxxxxxx",
            "xxx0xxx",
            "xxxxxxx",
            "xxxxxxx",
            "xxxxxxx"
          ]
        ],
        "mapping": {
          "0": {
            "block": "crusty_chunks:breeder_reactor_port"
          },
          "x": {
            "block": "minecraft:air"
          }
        },
        "symmetrical": false
      },
      "text": "Layer 1 (bottom): Mostly air with breeder_reactor_port (0) at center. Feed uranium_enriched_dust (top side). Plutonium_nugget ejects from bottom and sides."
    }
  ]
}
