{
  "name": "Power Reactor",
  "icon": "crusty_chunks:power_reactor_port",
  "category": "warium_integrations:nuclear",
  "sortnum": 1,
  "pages": [
    {
      "type": "patchouli:text",
      "title": "Purpose",
      "text": "The power reactor generates massive amounts of RF from nuclear fission. It uses fuel rods loaded into empty fuel rod blocks. $(bold)Always$() ensure cooling is active before inserting fuel."
    },
    {
      "type": "patchouli:text",
      "title": "Layer 1 (Top - Coolant)",
      "text": "The top layer is mostly air with a single power_reactor_port (Q) in the center. Pump coolant in here to establish your cooling loop. The reactor will $(bold)overheat and fail$() without active cooling."
    },
    {
      "type": "patchouli:text",
      "title": "Layer 2 & 3 (Core)",
      "text": "The main fission chamber. Contains reaction_chambers (H), control_rods (R), and reactor_casing (C) arranged in a cross pattern around the power_reactor_core (J). These layers handle the chain reaction."
    },
    {
      "type": "patchouli:text",
      "title": "Layer 4 (Fuel Loading)",
      "text": "Four empty_fuel_rods (E) positioned around the reactor bottom. Right-click each with crusty_chunks:fuel_rod to load fuel. You'll need $(bold)4-5 fuel rods per empty slot$() to start the reaction."
    },
    {
      "type": "patchouli:text",
      "title": "Fuel Management",
      "text": "Hold crusty_chunks:fuel_rod in hand and right-click an empty_fuel_rod block (E). Each slot requires 4-5 rods to initialize. Once loaded, the reactor becomes active and begins generating continuous power."
    },
    {
      "type": "patchouli:text",
      "title": "Multiblock Guide",
      "text": "The power reactor is a 7×7×4 structure. Layer 4 is the top (fuel ports). Layers 2-3 form the core fission chamber. Layer 1 is the bottom (coolant input). See following pages for detailed multiblock visualization."
    },
    {
      "type": "patchouli:multiblock",
      "name": "Layer 4 (Top - Fuel Ports)",
      "multiblock": {
        "pattern": [
          [ "x", "x", "x", "x", "x", "x", "x" ],
          [ "x", "x", "x", "E", "x", "x", "x" ],
          [ "x", "x", "x", "x", "x", "x", "x" ],
          [ "x", "E", "x", "x", "x", "E", "x" ],
          [ "x", "x", "x", "x", "x", "x", "x" ],
          [ "x", "x", "x", "E", "x", "x", "x" ],
          [ "x", "x", "x", "x", "x", "x", "x" ]
        ],
        "mapping": {
          "E": "crusty_chunks:empty_fuel_rods",
          "x": "minecraft:air"
        },
        "symmetrical": false
      },
      "text": "Layer 4 (top): Four empty_fuel_rod blocks (E) at cardinal positions. Right-click with fuel_rod to load fuel (4-5 rods per slot)."
    },
    {
      "type": "patchouli:multiblock",
      "name": "Layer 3 (Core Interface)",
      "multiblock": {
        "pattern": [
          [ "x", "x", "C", "R", "C", "x", "x" ],
          [ "x", "x", "R", "H", "R", "x", "x" ],
          [ "C", "R", "C", "R", "C", "R", "C" ],
          [ "R", "H", "R", "P", "R", "H", "R" ],
          [ "C", "R", "C", "R", "C", "R", "C" ],
          [ "x", "x", "R", "H", "R", "x", "x" ],
          [ "x", "x", "C", "R", "C", "x", "x" ]
        ],
        "mapping": {
          "P": "crusty_chunks:power_reactor_interface",
          "H": "crusty_chunks:reaction_chamber",
          "R": "crusty_chunks:control_rod",
          "C": "crusty_chunks:reactor_casing",
          "x": "minecraft:air"
        },
        "symmetrical": false
      },
      "text": "Layer 3: Core reactor with power_reactor_interface (P) at center. Surrounded by reaction chambers (H), control rods (R), and reactor casing (C)."
    },
    {
      "type": "patchouli:multiblock",
      "name": "Layer 2 (Reaction Core)",
      "multiblock": {
        "pattern": [
          [ "x", "x", "C", "R", "C", "x", "x" ],
          [ "x", "x", "R", "H", "R", "x", "x" ],
          [ "C", "R", "C", "R", "C", "R", "C" ],
          [ "R", "H", "R", "J", "R", "H", "R" ],
          [ "C", "R", "C", "R", "C", "R", "C" ],
          [ "x", "x", "R", "H", "R", "x", "x" ],
          [ "x", "x", "C", "R", "C", "x", "x" ]
        ],
        "mapping": {
          "J": "crusty_chunks:power_reactor_core",
          "H": "crusty_chunks:reaction_chamber",
          "R": "crusty_chunks:control_rod",
          "C": "crusty_chunks:reactor_casing",
          "x": "minecraft:air"
        },
        "symmetrical": false
      },
      "text": "Layer 2: power_reactor_core (J) at center surrounded by reaction chambers (H), control rods (R), and casing (C). Forms the fission reaction."
    },
    {
      "type": "patchouli:multiblock",
      "name": "Layer 1 (Bottom - Coolant Input)",
      "multiblock": {
        "pattern": [
          [ "x", "x", "x", "x", "x", "x", "x" ],
          [ "x", "x", "x", "x", "x", "x", "x" ],
          [ "x", "x", "x", "x", "x", "x", "x" ],
          [ "x", "x", "x", "0", "x", "x", "x" ],
          [ "x", "x", "x", "x", "x", "x", "x" ],
          [ "x", "x", "x", "x", "x", "x", "x" ],
          [ "x", "x", "x", "x", "x", "x", "x" ]
        ],
        "mapping": {
          "0": "crusty_chunks:power_reactor_port",
          "x": "minecraft:air"
        },
        "symmetrical": false
      },
      "text": "Layer 1 (bottom): Mostly air with power_reactor_port (0) at center. Feed coolant here and connect power output."
    }
  ]
}
