{
  "name": "Power Reactor",
  "icon": "crusty_chunks:power_reactor_port",
  "category": "warium_integrations:nuclear",
  "sortnum": 0,
  "pages": [
    {
      "type": "patchouli:text",
      "title": "Purpose",
      "text": "The Power Reactor is a high-output nuclear generator built purely for electricity production. It consumes fuel rods and produces electrical power — no item outputs, no by-products, no transmutation."
    },
    {
      "type": "patchouli:text",
      "title": "Multiblock Structure",
      "text": "Build the reactor exactly as shown in the following layers (top-down). The bottom layer contains the power port; this is the anchor point for the structure preview."
    },
    {
      "type": "patchouli:text",
      "title": "Fuel & Output",
      "text": "Insert fuel rods to begin operation. While fueled, the reactor generates electricity continuously until the rods are depleted or the reactor is shut down."
    },
    {
      "type": "patchouli:text",
      "title": "Operation",
      "text": "Fuel rods are inserted into the reactor. Power is extracted via the reactor's power interfaces and ports.\n\nThere are no item outputs to pipe, and no processing inventory to manage."
    },
    {
      "type": "patchouli:text",
      "title": "Power Extraction",
      "text": "Connect your energy network to the Power Reactor interfaces/ports to draw generated electricity.\n\nEnsure your power handling can cope with sustained output."
    },
    {
      "type": "patchouli:text",
      "title": "Notes",
      "text": "Provide adequate containment and cooling for safe, stable operation. Depending on your configuration, removing fuel while active may cause instability."
    },
    {
      "type": "patchouli:multiblock",
      "name": "Layer 4 (Top - Fuel Ports)",
      "multiblock": {
        "pattern": [
          [
            "xxxxxxx",
            "xxxExxx",
            "xxxxxxx",
            "xExxxEx",
            "xxxxxxx",
            "xxxExxx",
            "xxxxxxx"
          ]
        ],
          "mapping": {
            "E": {
              "block": "crusty_chunks:empty_fuel_rods"
            },
            "x": {
              "block": "minecraft:air"
            }
          },
        "symmetrical": false
      },
      "text": "Top layer: fuel rod access points."
    },
    {
      "type": "patchouli:multiblock",
      "name": "Layer 3 (Power Interface)",
      "multiblock": {
        "pattern": [
          [
            "xxCRCxx",
            "xxRHRxx",
            "CRCRCRC",
            "RHRPRHR",
            "CRCRCRC",
            "xxRHRxx",
            "xxCRCxx"
          ]
        ],
          "mapping": {
            "H": {
              "block": "crusty_chunks:reaction_chamber"
            },
            "R": {
              "block": "crusty_chunks:control_rod"
            },
            "C": {
              "block": "crusty_chunks:reactor_casing"
            },
            "x": {
              "block": "minecraft:air"
            },
            "P": {
              "block": "crusty_chunks:power_reactor_interface"
            }
          },
        "symmetrical": false
      },
      "text": "Interface layer: connect power extraction hardware here."
    },
    {
      "type": "patchouli:multiblock",
      "name": "Layer 2 (Reaction Core)",
      "multiblock": {
        "pattern": [
          [
            "xxCRCxx",
            "xxRHRxx",
            "CRCRCRC",
            "RHRJRHR",
            "CRCRCRC",
            "xxRHRxx",
            "xxCRCxx"
          ]
        ],
          "mapping": {
            "H": {
              "block": "crusty_chunks:reaction_chamber"
            },
            "R": {
              "block": "crusty_chunks:control_rod"
            },
            "C": {
              "block": "crusty_chunks:reactor_casing"
            },
            "x": {
              "block": "minecraft:air"
            },
            "J": {
              "block": "crusty_chunks:power_reactor_core"
            }
          },
        "symmetrical": false
      },
      "text": "Core layer: internal reaction and control components."
    },
    {
      "type": "patchouli:multiblock",
      "name": "Layer 1 (Bottom - Power Port)",
      "multiblock": {
        "pattern": [
          [
            "xxxxxxx",
            "xxxxxxx",
            "xxxxxxx",
            "xxx0xxx",
            "xxxxxxx",
            "xxxxxxx",
            "xxxxxxx"
          ]
        ],
        "mapping": {
          "0": {
            "block": "crusty_chunks:power_reactor_port"
          },
          "x": {
            "block": "minecraft:air"
          }
        },
        "symmetrical": false
      },
      "text": "Bottom layer: central power port (the multiblock anchor)."
    }
  ]
}
